,img name,tumor types
0,000137,1
1,case0419,1
2,case0024,0
3,benign (397),0
4,case0287,0
5,case0408,0
6,case0142,1
7,63404-Afbeelding1,1
8,63405-Afbeelding2,1
9,Case-9-U-18-1,1
10,Case-9-U-18-2,1
11,benign (21),0
12,39094-Afbeelding1,1
13,39095-Afbeelding2,1
14,39097-Afbeelding4,1
15,39100-Afbeelding7,1
16,39096-Afbeelding3,1
17,000111,0
18,benign (307),0
19,3698,0
20,3699,0
21,3700,0
22,benign (213),0
23,case0534,1
24,benign (276),0
25,benign (137),0
26,18061,1
27,18062,1
28,18063,1
29,18064,1
30,benign (417),0
31,52953-Afbeelding1,0
32,52954-Afbeelding2,0
33,52955-Afbeelding3,0
34,52956-Afbeelding4,0
35,52959-Afbeelding7,0
36,52962-Afbeelding10,0
37,52965-Afbeelding13,0
38,52966-Afbeelding14,0
39,52967-Afbeelding15,0
40,52968-Afbeelding16,0
41,case0337,1
42,benign (423),0
43,case0305,0
44,000039,0
45,42186-Afbeelding2,1
46,42185-Afbeelding1,1
47,benign (122),0
48,malignant (58),1
49,case0212,1
50,000144,1
51,benign (18),0
52,case0249,1
53,Case-252-U1,0
54,benign (124),0
55,000095,0
56,15362,1
57,15485,1
58,15487,1
59,15490,1
60,15491,1
61,15488,1
62,000071,0
63,case0252,1
64,benign (6),0
65,Case-67-U-78-0,0
66,5355,0
67,5356,0
68,5357,0
69,5358,0
70,5359,0
71,5360,0
72,5361,0
73,5362,0
74,case0123,0
75,41623-Afbeelding1,1
76,41626-Afbeelding4,1
77,41624-Afbeelding2,1
78,41625-Afbeelding3,1
79,41627-Afbeelding5,1
80,48848-Afbeelding1,1
81,48849-Afbeelding2,1
82,48850-Afbeelding3,1
83,48851-Afbeelding4,1
84,48852-Afbeelding5,1
85,48853-Afbeelding6,1
86,48854-Afbeelding7,1
87,48855-Afbeelding8,1
88,case0323,1
89,000300,1
90,benign (30),0
91,case0539,0
92,benign (429),0
93,malignant (97),1
94,benign (151),0
95,60061-Afbeelding2,1
96,60060-Afbeelding1,1
97,60062-Afbeelding3,1
98,60063-Afbeelding4,1
99,60064-Afbeelding5,1
100,60065-Afbeelding6,1
101,benign (431),0
102,benign (97),0
103,case0021,0
104,malignant (107),1
105,case0072,0
106,benign (366),0
107,000083,0
108,benign (177),0
109,benign (401),0
110,benign (2),0
111,case0373,0
112,benign (62),0
113,case0165,1
114,case0075,0
115,case0379,1
116,case0300,0
117,malignant (168),1
118,malignant (161),1
119,000054,1
120,case0091,0
121,benign (210),0
122,3694,0
123,3695,0
124,3696,0
125,3697,0
126,66540-Afbeelding1,0
127,66541-Afbeelding2,0
128,66542-Afbeelding3,0
129,case0307,0
130,case0240,1
131,Case-130-U2,1
132,malignant (82),1
133,case0511,0
134,benign (15),0
135,case0170,1
136,benign (197),0
137,000299,1
138,case0206,1
139,Case-108-U2,1
140,47555-Afbeelding1,1
141,47559-Afbeelding5,1
142,47562-Afbeelding8,1
143,47560-Afbeelding6,1
144,47561-Afbeelding7,1
145,benign (195),0
146,benign (316),0
147,000132,1
148,case0081,0
149,51161-Afbeelding1,1
150,51162-Afbeelding2,1
151,51163-Afbeelding3,1
152,51164-Afbeelding4,1
153,51165-Afbeelding5,1
154,51166-Afbeelding6,1
155,51167-Afbeelding7,1
156,51168-Afbeelding8,1
157,benign (201),0
158,2879,0
159,case0431,1
160,case0427,0
161,case0227,1
162,Case-89-U-1,0
163,malignant (118),1
164,benign (217),0
165,malignant (71),1
166,case0454,1
167,benign (295),0
168,malignant (9),1
169,000309,1
170,malignant (95),1
171,case0488,1
172,Case-173-U4,0
173,benign (308),0
174,benign (179),0
175,5455,0
176,5456,0
177,5457,0
178,case0411,1
179,11113,0
180,11114,0
181,000056,0
182,case0257,1
183,case0017,0
184,benign (141),0
185,4515,0
186,4516,0
187,4517,0
188,5433,0
189,5434,0
190,case0070,0
191,case0196,1
192,23677,1
193,23678,1
194,23679,1
195,23680,1
196,23690,1
197,23692,1
198,23676,1
199,case0120,0
200,malignant (7),1
201,21320,0
202,21321,0
203,21322,0
204,47507-Afbeelding1,1
205,47508-Afbeelding2,1
206,47509-Afbeelding3,1
207,47510-Afbeelding4,1
208,47513-Afbeelding7,1
209,47514-Afbeelding8,1
210,47511-Afbeelding5,1
211,47512-Afbeelding6,1
212,benign (353),0
213,malignant (174),1
214,benign (82),0
215,Case-185-U4,0
216,benign (306),0
217,5522,0
218,5523,0
219,5524,0
220,5525,0
221,Case-83-U-94-0,0
222,5875,1
223,5876,1
224,5877,1
225,5878,1
226,5879,1
227,5880,1
228,benign (422),0
229,malignant (41),1
230,5920,1
231,5921,1
232,5922,1
233,5923,1
234,benign (171),0
235,50090-Afbeelding1,0
236,50091-Afbeelding2,0
237,50094-Afbeelding5,0
238,50095-Afbeelding6,0
239,50097-Afbeelding8,0
240,case0135,1
241,benign (274),0
242,Case-100-U-1,0
243,5886,1
244,5887,1
245,5888,1
246,5890,1
247,5891,1
248,5892,1
249,malignant (38),1
250,51701-Afbeelding1,1
251,51703-Afbeelding3,1
252,51702-Afbeelding2,1
253,case0182,1
254,case0281,0
255,malignant (59),1
256,case0178,1
257,5793,1
258,5794,1
259,5795,1
260,benign (189),0
261,case0048,0
262,33281-Afbeelding3,0
263,33279-Afbeelding1,0
264,33280-Afbeelding2,0
265,5333,0
266,5334,0
267,5335,0
268,5336,0
269,malignant (144),1
270,benign (434),0
271,malignant (44),1
272,Case-16-U-27-2,1
273,Case-174-U4,0
274,56871-Afbeelding1,0
275,56873-Afbeelding3,0
276,56875-Afbeelding5,0
277,56878-Afbeelding8,0
278,56879-Afbeelding9,0
279,56880-Afbeelding10,0
280,56881-Afbeelding11,0
281,33358-Afbeelding1,1
282,33359-Afbeelding2,1
283,33360-Afbeelding3,1
284,33361-Afbeelding4,1
285,malignant (104),1
286,case0543,0
287,48969-Afbeelding3,1
288,48970-Afbeelding4,1
289,48971-Afbeelding5,1
290,48972-Afbeelding6,1
291,48973-Afbeelding7,1
292,48975-Afbeelding9,1
293,48976-Afbeelding10,1
294,48977-Afbeelding11,1
295,48978-Afbeelding12,1
296,48974-Afbeelding8,1
297,case0530,0
298,case0554,1
299,malignant (150),1
300,malignant (195),1
301,benign (298),0
302,000114,0
303,case0087,0
304,malignant (186),1
305,case0374,0
306,case0467,1
307,benign (421),0
308,5916,1
309,5917,1
310,5918,1
311,malignant (94),1
312,000030,1
313,000063,0
314,40448-Afbeelding1,1
315,40449-Afbeelding2,1
316,40451-Afbeelding4,1
317,40450-Afbeelding3,1
318,malignant (83),1
319,Case-53-U-64-1,0
320,000069,0
321,benign (355),0
322,malignant (102),1
323,Case-274-U1,1
324,52379-Afbeelding3,1
325,52380-Afbeelding4,1
326,52386-Afbeelding10,1
327,52387-Afbeelding11,1
328,52388-Afbeelding12,1
329,52389-Afbeelding13,1
330,52390-Afbeelding14,1
331,52391-Afbeelding15,1
332,52392-Afbeelding16,1
333,case0555,1
334,Case-110-U2,1
335,case0356,0
336,56324-Afbeelding1,0
337,56325-Afbeelding2,0
338,56326-Afbeelding3,0
339,56330-Afbeelding7,0
340,56331-Afbeelding8,0
341,benign (374),0
342,55852-Afbeelding1,0
343,55853-Afbeelding2,0
344,55855-Afbeelding4,0
345,55859-Afbeelding8,0
346,55854-Afbeelding3,0
347,55858-Afbeelding7,0
348,40460-Afbeelding1,0
349,40464-Afbeelding5,0
350,40461-Afbeelding2,0
351,40465-Afbeelding6,0
352,40466-Afbeelding7,0
353,40467-Afbeelding8,0
354,39110-Afbeelding2,1
355,39111-Afbeelding3,1
356,39112-Afbeelding4,1
357,malignant (29),1
358,Case-52-U-63-0,0
359,benign (61),0
360,benign (335),0
361,case0152,1
362,malignant (33),1
363,benign (282),0
364,case0105,0
365,case0005,0
366,case0443,0
367,malignant (110),1
368,benign (160),0
369,benign (261),0
370,case0489,0
371,case0391,1
372,case0445,1
373,Case-78-U-90-0,0
374,39638-Afbeelding1,0
375,39639-Afbeelding2,0
376,39640-Afbeelding3,0
377,39641-Afbeelding4,0
378,39642-Afbeelding5,0
379,39644-Afbeelding7,0
380,39643-Afbeelding6,0
381,22000,0
382,22001,0
383,case0144,1
384,4900,0
385,Case-36-U-47-1,1
386,Case-220-U1,1
387,case0394,1
388,48839-Afbeelding1,1
389,48840-Afbeelding2,1
390,48841-Afbeelding3,1
391,48842-Afbeelding4,1
392,malignant (51),1
393,benign (286),0
394,case0390,1
395,000093,0
396,malignant (182),1
397,000106,0
398,case0460,0
399,benign (134),0
400,benign (234),0
401,000140,1
402,malignant (133),1
403,benign (176),0
404,38393-Afbeelding3,1
405,38394-Afbeelding4,1
406,38391-Afbeelding1,1
407,38392-Afbeelding2,1
408,case0347,0
409,malignant (179),1
410,5493,0
411,5494,0
412,41538-Afbeelding1,0
413,41539-Afbeelding2,0
414,41540-Afbeelding3,0
415,41541-Afbeelding4,0
416,benign (180),0
417,benign (128),0
418,5481,0
419,5482,0
420,000089,0
421,case0143,1
422,Case-26-U-37-1,1
423,case0384,1
424,000047,1
425,Case-77-U-89-0,0
426,Case-25-U-36-1,1
427,50586-Afbeelding1,1
428,50587-Afbeelding2,1
429,case0519,0
430,Case-72-U-84-0,0
431,case0522,0
432,case0309,0
433,66906-Afbeelding1,1
434,66907-Afbeelding2,1
435,66908-Afbeelding3,1
436,66910-Afbeelding5,1
437,malignant (87),1
438,case0137,1
439,case0078,0
440,case0274,0
441,39421-Afbeelding3,0
442,39422-Afbeelding4,0
443,39419-Afbeelding1,0
444,case0162,1
445,5304,0
446,5305,0
447,case0301,0
448,case0477,1
449,malignant (69),1
450,Case-266-U1,0
451,benign (296),0
452,benign (19),0
453,53661-Afbeelding1,1
454,53664-Afbeelding4,1
455,53665-Afbeelding5,1
456,53662-Afbeelding2,1
457,53663-Afbeelding3,1
458,53666-Afbeelding6,1
459,case0546,0
460,67569-Afbeelding2,0
461,67573-Afbeelding6,0
462,67568-Afbeelding1,0
463,67570-Afbeelding3,0
464,67571-Afbeelding4,0
465,67572-Afbeelding5,0
466,benign (244),0
467,case0336,1
468,Case-13-U-24-1,1
469,5869,1
470,5870,1
471,5871,1
472,5872,1
473,5873,1
474,5874,1
475,Case-115-U2,1
476,49643-Afbeelding1,1
477,49644-Afbeelding2,1
478,49645-Afbeelding3,1
479,49648-Afbeelding6,1
480,49649-Afbeelding7,1
481,49650-Afbeelding8,1
482,49651-Afbeelding9,1
483,49652-Afbeelding10,1
484,49646-Afbeelding4,1
485,49647-Afbeelding5,1
486,malignant (86),1
487,000127,0
488,benign (8),0
489,17222,1
490,17223,1
491,benign (168),0
492,000086,0
493,malignant (47),1
494,000129,0
495,5558,0
496,5559,0
497,33371-Afbeelding7,1
498,33372-Afbeelding8,1
499,33367-Afbeelding3,1
500,case0517,0
501,000012,0
502,benign (87),0
503,malignant (141),1
504,11544,1
505,11546,1
506,11547,1
507,benign (37),0
508,benign (140),0
509,benign (58),0
510,case0125,0
511,malignant (149),1
512,50569-Afbeelding1,1
513,50570-Afbeelding2,1
514,50571-Afbeelding3,1
515,malignant (93),1
516,benign (57),0
517,38184-Afbeelding1,0
518,38185-Afbeelding2,0
519,benign (407),0
520,case0458,0
521,malignant (52),1
522,malignant (177),1
523,Case-61-U-72-0,0
524,case0525,0
525,benign (14),0
526,benign (381),0
527,malignant (121),1
528,case0377,1
529,50115-Afbeelding1,1
530,50116-Afbeelding2,1
531,benign (174),0
532,5626,0
533,5627,0
534,5628,0
535,5629,0
536,41578-Afbeelding1,1
537,41582-Afbeelding5,1
538,41583-Afbeelding6,1
539,41579-Afbeelding2,1
540,41580-Afbeelding3,1
541,41581-Afbeelding4,1
542,Case-93-U-1,0
543,000134,1
544,61922-Afbeelding3,0
545,61920-Afbeelding1,0
546,61921-Afbeelding2,0
547,benign (239),0
548,5761,1
549,benign (343),0
550,Case-263-U1,0
551,case0119,0
552,52288-Afbeelding1,0
553,52289-Afbeelding2,0
554,52290-Afbeelding3,0
555,52292-Afbeelding5,0
556,52294-Afbeelding7,0
557,52295-Afbeelding8,0
558,52299-Afbeelding12,0
559,52300-Afbeelding13,0
560,52301-Afbeelding14,0
561,52296-Afbeelding9,0
562,52297-Afbeelding10,0
563,52298-Afbeelding11,0
564,36319-Afbeelding1,1
565,36320-Afbeelding2,1
566,36321-Afbeelding3,1
567,5543,0
568,5544,0
569,5545,0
570,5546,0
571,5547,0
572,52321-Afbeelding1,1
573,52322-Afbeelding2,1
574,case0235,1
575,42809-Afbeelding4,0
576,42806-Afbeelding1,0
577,42807-Afbeelding2,0
578,case0531,0
579,benign (339),0
580,Case-15-U-26-1,1
581,41557-Afbeelding1,0
582,41558-Afbeelding2,0
583,41559-Afbeelding3,0
584,41560-Afbeelding4,0
585,41563-Afbeelding7,0
586,41564-Afbeelding8,0
587,49630-Afbeelding1,1
588,49631-Afbeelding2,1
589,49632-Afbeelding3,1
590,49633-Afbeelding4,1
591,000023,1
592,Case-132-U2,1
593,case0329,1
594,Case-162-U2,1
595,66803-Afbeelding1,1
596,66804-Afbeelding2,1
597,66808-Afbeelding6,1
598,43305-Afbeelding1,1
599,43306-Afbeelding2,1
600,43308-Afbeelding4,1
601,benign (219),0
602,000014,0
603,44903-Afbeelding1,1
604,44904-Afbeelding2,1
605,44905-Afbeelding3,1
606,000026,0
607,Case-18-U-29-1,1
608,case0079,0
609,benign (357),0
610,case0092,0
611,Case-240-U1,0
612,64440-Afbeelding1,1
613,64441-Afbeelding2,1
614,64442-Afbeelding3,1
615,64444-Afbeelding5,1
616,Case-32-U-43-2,1
617,case0208,1
618,benign (246),0
619,case0412,0
620,17736,0
621,17737,0
622,case0479,0
623,38739-Afbeelding1,0
624,38740-Afbeelding2,0
625,38743-Afbeelding5,0
626,38744-Afbeelding6,0
627,38745-Afbeelding7,0
628,38746-Afbeelding8,0
629,38747-Afbeelding9,0
630,38748-Afbeelding10,0
631,38749-Afbeelding11,0
632,38750-Afbeelding12,0
633,39117-Afbeelding1,1
634,39119-Afbeelding3,1
635,39120-Afbeelding4,1
636,39121-Afbeelding5,1
637,39122-Afbeelding6,1
638,39118-Afbeelding2,1
639,57282-Afbeelding1,0
640,57284-Afbeelding3,0
641,57285-Afbeelding4,0
642,57286-Afbeelding5,0
643,57289-Afbeelding7,0
644,57290-Afbeelding8,0
645,57283-Afbeelding2,0
646,57287-Afbeelding6,0
647,benign (287),0
648,benign (402),0
649,14634,0
650,14635,0
651,000120,0
652,malignant (75),1
653,case0247,1
654,malignant (138),1
655,case0487,1
656,58799-Afbeelding5,0
657,58800-Afbeelding6,0
658,58801-Afbeelding7,0
659,58796-Afbeelding2,0
660,58798-Afbeelding4,0
661,case0339,0
662,case0414,0
663,5648,0
664,5649,0
665,5650,0
666,5651,0
667,21333,1
668,21334,1
669,21335,1
670,21336,1
671,Case-45-U-56-0,1
672,case0176,1
673,42843-Afbeelding1,0
674,42844-Afbeelding2,0
675,42845-Afbeelding3,0
676,benign (364),0
677,5466,0
678,5468,0
679,benign (107),0
680,benign (324),0
681,19209,0
682,19210,0
683,19218,0
684,19219,0
685,19208,0
686,000017,0
687,20973,1
688,20977,1
689,20974,1
690,malignant (146),1
691,case0013,0
692,5909,1
693,5910,1
694,5911,1
695,5912,1
696,case0350,0
697,5425,0
698,case0250,1
699,Case-270-U1,0
700,case0245,1
701,benign (200),0
702,Case-262-U1,0
703,16247,0
704,16248,0
705,16249,0
706,16250,0
707,16251,0
708,case0340,0
709,benign (420),0
710,3869,0
711,3870,0
712,case0331,1
713,case0367,0
714,case0130,0
715,52400-Afbeelding1,1
716,52401-Afbeelding2,1
717,52402-Afbeelding3,1
718,52403-Afbeelding4,1
719,benign (249),0
720,case0361,0
721,malignant (166),1
722,case0157,1
723,000027,1
724,22048,1
725,22055,1
726,Case-228-U1,1
727,benign (156),0
728,5330,0
729,case0242,1
730,case0164,1
731,59809-Afbeelding2,0
732,59810-Afbeelding3,0
733,59812-Afbeelding5,0
734,59813-Afbeelding6,0
735,62292-Afbeelding1,1
736,62293-Afbeelding2,1
737,62294-Afbeelding3,1
738,62295-Afbeelding4,1
739,62296-Afbeelding5,1
740,62299-Afbeelding8,1
741,33270-Afbeelding1,1
742,33271-Afbeelding2,1
743,33272-Afbeelding3,1
744,33273-Afbeelding4,1
745,benign (258),0
746,case0292,0
747,benign (311),0
748,case0002,0
749,case0114,0
750,benign (173),0
751,case0298,0
752,case0342,0
753,benign (67),0
754,benign (310),0
755,38189-Afbeelding1,1
756,38190-Afbeelding2,1
757,38191-Afbeelding3,1
758,38193-Afbeelding5,1
759,malignant (154),1
760,benign (84),0
761,5372,0
762,5373,0
763,benign (99),0
764,malignant (20),1
765,case0388,1
766,case0037,0
767,Case-136-U2,1
768,52307-Afbeelding1,1
769,52309-Afbeelding3,1
770,52310-Afbeelding4,1
771,52308-Afbeelding2,1
772,case0023,0
773,12382,0
774,12383,0
775,12384,0
776,12385,0
777,case0513,1
778,case0371,0
779,000082,0
780,benign (333),0
781,case0267,1
782,benign (433),0
783,benign (432),0
784,malignant (101),1
785,55236-Afbeelding1,0
786,55237-Afbeelding2,0
787,55238-Afbeelding3,0
788,case0129,0
789,case0133,1
790,case0475,1
791,5767,1
792,20020,0
793,20021,0
794,20024,0
795,Case-133-U2,1
796,benign (17),0
797,case0552,1
798,22004,0
799,22005,0
800,22006,0
801,malignant (61),1
802,case0528,0
803,case0073,0
804,benign (223),0
805,64129-Afbeelding1,0
806,64132-Afbeelding4,0
807,64131-Afbeelding3,0
808,benign (321),0
809,case0457,0
810,malignant (67),1
811,24475,0
812,24477,0
813,42218-Afbeelding2,1
814,case0034,0
815,5624,0
816,5625,0
817,case0074,0
818,50176-Afbeelding1,1
819,50180-Afbeelding5,1
820,50181-Afbeelding6,1
821,50182-Afbeelding7,1
822,50178-Afbeelding3,1
823,50179-Afbeelding4,1
824,50183-Afbeelding8,1
825,benign (277),0
826,malignant (136),1
827,Case-3-U-5-0,1
828,Case-3-U-5-2,1
829,Case-3-U-5-3,1
830,53241-Afbeelding2,0
831,53246-Afbeelding7,0
832,53240-Afbeelding1,0
833,000302,1
834,Case-71-U-83-0,0
835,case0167,1
836,case0085,0
837,000084,0
838,case0393,1
839,case0113,0
840,case0435,0
841,case0100,0
842,malignant (42),1
843,benign (65),0
844,case0346,0
845,case0485,1
846,59492-Afbeelding3,1
847,59493-Afbeelding4,1
848,Case-210-U1,1
849,case0083,0
850,case0095,0
851,case0237,1
852,case0065,0
853,41588-Afbeelding2,1
854,41590-Afbeelding4,1
855,41587-Afbeelding1,1
856,41589-Afbeelding3,1
857,41591-Afbeelding5,1
858,41592-Afbeelding6,1
859,41593-Afbeelding7,1
860,case0516,0
861,case0459,0
862,5479,0
863,5480,0
864,case0314,0
865,000145,1
866,malignant (18),1
867,case0333,1
868,case0407,1
869,52922-Afbeelding1,1
870,52923-Afbeelding2,1
871,case0263,1
872,benign (400),0
873,case0452,1
874,benign (205),0
875,malignant (21),1
876,40896-Afbeelding2,1
877,40895-Afbeelding1,1
878,Case-192-U4,0
879,Case-107-U2,1
880,5729,1
881,5730,1
882,5731,1
883,52906-Afbeelding1,0
884,52907-Afbeelding2,0
885,52908-Afbeelding3,0
886,Case-126-U2,1
887,malignant (114),1
888,5384,0
889,5385,0
890,case0432,1
891,case0032,0
892,Case-187-U4,0
893,Case-150-U2,1
894,malignant (153),1
895,000020,0
896,malignant (128),1
897,Case-157-U2,1
898,malignant (173),1
899,malignant (5),1
900,11126,1
901,11127,1
902,benign (138),0
903,malignant (203),1
904,malignant (77),1
905,case0040,0
906,malignant (112),1
907,000036,0
908,5893,1
909,5894,1
910,benign (3),0
911,000087,0
912,000100,0
913,benign (150),0
914,000028,1
915,benign (436),0
916,case0031,0
917,benign (425),0
918,Case-165-U2,1
919,000037,0
920,case0392,1
921,benign (250),0
922,25679,1
923,25680,1
924,34819-Afbeelding2,0
925,34820-Afbeelding3,0
926,benign (437),0
927,case0482,0
928,Case-35-U-46-1,1
929,5687,1
930,5688,1
931,5689,1
932,5690,1
933,Case-199-U4,0
934,benign (349),0
935,case0122,0
936,Case-120-U2,1
937,benign (32),0
938,67334-Afbeelding1,1
939,67335-Afbeelding2,1
940,67338-Afbeelding5,1
941,case0269,1
942,54645-Afbeelding1,0
943,54646-Afbeelding2,0
944,case0222,1
945,5603,0
946,5604,0
947,malignant (98),1
948,benign (365),0
949,case0268,1
950,Case-232-U1,1
951,benign (5),0
952,51726-Afbeelding1,1
953,51727-Afbeelding2,1
954,51728-Afbeelding3,1
955,51729-Afbeelding4,1
956,55840-Afbeelding2,0
957,55844-Afbeelding6,0
958,55846-Afbeelding8,0
959,55847-Afbeelding9,0
960,55843-Afbeelding5,0
961,55845-Afbeelding7,0
962,55848-Afbeelding10,0
963,benign (289),0
964,benign (408),0
965,case0472,0
966,case0416,1
967,62634-Afbeelding4,0
968,62631-Afbeelding1,0
969,62641-Afbeelding9,0
970,62632-Afbeelding2,0
971,62645-Afbeelding13,0
972,62646-Afbeelding14,0
973,62655-Afbeelding21,0
974,62656-Afbeelding22,0
975,62659-Afbeelding24,0
976,62663-Afbeelding27,0
977,benign (228),0
978,case0068,0
979,Case-70-U-82-0,0
980,case0444,0
981,case0232,1
982,000139,1
983,40456-Afbeelding2,1
984,40457-Afbeelding3,1
985,40455-Afbeelding1,1
986,40458-Afbeelding4,1
987,malignant (103),1
988,000124,0
989,case0168,1
990,000009,0
991,000015,0
992,41533-Afbeelding1,0
993,41534-Afbeelding2,0
994,41535-Afbeelding3,0
995,41536-Afbeelding4,0
996,case0218,1
997,000008,0
998,13562,1
999,13563,1
1000,13884,1
1001,13885,1
1002,13886,1
1003,13887,1
1004,13888,1
1005,13889,1
1006,Case-76-U-88-0,0
1007,benign (178),0
1008,malignant (37),1
1009,000059,0
1010,46047-Afbeelding1,1
1011,46049-Afbeelding3,1
1012,46050-Afbeelding4,1
1013,46058-Afbeelding12,1
1014,46048-Afbeelding2,1
1015,46060-Afbeelding14,1
1016,case0001,0
1017,case0131,0
1018,benign (103),0
1019,malignant (36),1
1020,000057,1
1021,benign (192),0
1022,malignant (205),1
1023,5796,1
1024,5797,1
1025,5798,1
1026,12323,0
1027,12324,0
1028,43732-Afbeelding1,1
1029,43733-Afbeelding2,1
1030,43734-Afbeelding3,1
1031,43735-Afbeelding4,1
1032,case0110,0
1033,case0389,1
1034,case0447,1
1035,benign (356),0
1036,benign (216),0
1037,Case-151-U2,1
1038,benign (129),0
1039,case0311,0
1040,Case-102-U-1,0
1041,case0547,0
1042,case0174,1
1043,case0059,0
1044,benign (337),0
1045,25136,1
1046,25137,1
1047,25138,1
1048,25140,1
1049,25142,1
1050,25141,1
1051,56814-Afbeelding1,1
1052,56815-Afbeelding2,1
1053,56816-Afbeelding3,1
1054,56817-Afbeelding4,1
1055,56818-Afbeelding5,1
1056,56819-Afbeelding6,1
1057,Case-255-U1,0
1058,malignant (6),1
1059,36154-Afbeelding1,0
1060,36156-Afbeelding3,0
1061,36158-Afbeelding4,0
1062,case0315,0
1063,case0553,1
1064,benign (214),0
1065,Case-268-U1,0
1066,000297,1
1067,benign (319),0
1068,case0058,0
1069,000029,1
1070,malignant (145),1
1071,benign (142),0
1072,case0325,1
1073,case0050,0
1074,54955-Afbeelding1,1
1075,54956-Afbeelding2,1
1076,54957-Afbeelding3,1
1077,54959-Afbeelding5,1
1078,54960-Afbeelding6,1
1079,54958-Afbeelding4,1
1080,case0397,1
1081,47565-Afbeelding1,1
1082,47567-Afbeelding3,1
1083,47571-Afbeelding7,1
1084,47566-Afbeelding2,1
1085,47568-Afbeelding4,1
1086,47569-Afbeelding5,1
1087,47570-Afbeelding6,1
1088,47572-Afbeelding8,1
1089,000141,1
1090,Case-149-U2,1
1091,case0189,1
1092,5633,0
1093,5634,0
1094,5706,1
1095,5707,1
1096,5708,1
1097,Case-113-U2,1
1098,case0491,1
1099,Case-105-U2,1
1100,000146,1
1101,benign (198),0
1102,malignant (165),1
1103,case0011,0
1104,52816-Afbeelding1,0
1105,52817-Afbeelding2,0
1106,52818-Afbeelding3,0
1107,52820-Afbeelding5,0
1108,52821-Afbeelding6,0
1109,52822-Afbeelding7,0
1110,benign (47),0
1111,benign (42),0
1112,case0155,1
1113,benign (71),0
1114,case0290,0
1115,56318-Afbeelding2,0
1116,56319-Afbeelding3,0
1117,56322-Afbeelding6,0
1118,benign (79),0
1119,34832-Afbeelding1,1
1120,34833-Afbeelding2,1
1121,case0376,0
1122,18343,0
1123,18344,0
1124,18345,0
1125,18346,0
1126,Case-129-U2,1
1127,benign (110),0
1128,benign (371),0
1129,case0097,0
1130,benign (149),0
1131,case0402,0
1132,case0149,1
1133,000107,0
1134,26576,1
1135,26577,1
1136,26578,1
1137,000097,0
1138,malignant (23),1
1139,000305,1
1140,benign (106),0
1141,case0483,0
1142,case0223,1
1143,50604-Afbeelding1,1
1144,50605-Afbeelding2,1
1145,50606-Afbeelding3,1
1146,50607-Afbeelding4,1
1147,50608-Afbeelding5,1
1148,50609-Afbeelding6,1
1149,Case-218-U1,1
1150,benign (227),0
1151,48885-Afbeelding1,1
1152,48886-Afbeelding2,1
1153,48887-Afbeelding3,1
1154,48888-Afbeelding4,1
1155,48889-Afbeelding5,1
1156,48890-Afbeelding6,1
1157,case0352,0
1158,Case-48-U-59-1,1
1159,malignant (142),1
1160,case0425,1
1161,case0153,1
1162,62430-Afbeelding1,1
1163,62431-Afbeelding2,1
1164,62436-Afbeelding7,1
1165,40437-Afbeelding1,0
1166,40438-Afbeelding2,0
1167,40439-Afbeelding3,0
1168,40441-Afbeelding5,0
1169,40442-Afbeelding6,0
1170,40440-Afbeelding4,0
1171,40443-Afbeelding7,0
1172,case0355,0
1173,case0508,0
1174,case0285,0
1175,benign (387),0
1176,benign (362),0
1177,benign (185),0
1178,15913,1
1179,15914,1
1180,malignant (188),1
1181,benign (336),0
1182,case0409,1
1183,case0493,0
1184,malignant (80),1
1185,Case-137-U2,1
1186,benign (28),0
1187,41607-Afbeelding2,1
1188,41608-Afbeelding3,1
1189,41614-Afbeelding9,1
1190,41615-Afbeelding10,1
1191,41616-Afbeelding11,1
1192,41609-Afbeelding4,1
1193,41610-Afbeelding5,1
1194,41611-Afbeelding6,1
1195,41612-Afbeelding7,1
1196,41613-Afbeelding8,1
1197,case0535,0
1198,000035,0
1199,42196-Afbeelding1,1
1200,42197-Afbeelding2,1
1201,42198-Afbeelding3,1
1202,42199-Afbeelding4,1
1203,benign (326),0
1204,malignant (64),1
1205,Case-58-U-69-0,0
1206,5390,0
1207,5391,0
1208,5392,0
1209,case0296,0
1210,benign (91),0
1211,Case-101-U-1,0
1212,41642-Afbeelding1,1
1213,41644-Afbeelding3,1
1214,41645-Afbeelding4,1
1215,41643-Afbeelding2,1
1216,benign (236),0
1217,malignant (34),1
1218,malignant (183),1
1219,74898-Afbeelding2,1
1220,74901-Afbeelding5,1
1221,46085-Afbeelding5,1
1222,46088-Afbeelding8,1
1223,46087-Afbeelding7,1
1224,case0160,1
1225,11900,0
1226,11901,0
1227,11902,0
1228,benign (50),0
1229,Case-84-U-95-0,0
1230,12751,1
1231,12752,1
1232,12753,1
1233,malignant (3),1
1234,Case-181-U4,0
1235,5548,0
1236,5549,0
1237,5550,0
1238,5551,0
1239,Case-186-U4,0
1240,42229-Afbeelding5,1
1241,42230-Afbeelding6,1
1242,25127,1
1243,25130,1
1244,25131,1
1245,benign (31),0
1246,Case-104-U2,1
1247,Case-209-U4,0
1248,49625-Afbeelding1,1
1249,49626-Afbeelding2,1
1250,49627-Afbeelding3,1
1251,Case-155-U2,1
1252,case0055,0
1253,5683,1
1254,5684,1
1255,5685,1
1256,000024,1
1257,23656,0
1258,23657,0
1259,benign (317),0
1260,case0062,0
1261,Case-241-U1,0
1262,5473,0
1263,5474,0
1264,case0025,0
1265,case0204,1
1266,benign (85),0
1267,Case-119-U2,1
1268,benign (347),0
1269,malignant (116),1
1270,000081,0
1271,benign (330),0
1272,52355-Afbeelding2,1
1273,52356-Afbeelding3,1
1274,52357-Afbeelding4,1
1275,52359-Afbeelding6,1
1276,52360-Afbeelding7,1
1277,52361-Afbeelding8,1
1278,52364-Afbeelding11,1
1279,52365-Afbeelding12,1
1280,52354-Afbeelding1,1
1281,52358-Afbeelding5,1
1282,52362-Afbeelding9,1
1283,52363-Afbeelding10,1
1284,benign (118),0
1285,case0190,1
1286,benign (293),0
1287,34802-Afbeelding1,0
1288,34804-Afbeelding3,0
1289,34803-Afbeelding2,0
1290,case0370,0
1291,benign (332),0
1292,Case-55-U-66-2,0
1293,case0521,0
1294,48957-Afbeelding2,1
1295,48959-Afbeelding4,1
1296,48964-Afbeelding9,1
1297,48956-Afbeelding1,1
1298,48958-Afbeelding3,1
1299,48965-Afbeelding10,1
1300,benign (92),0
1301,42815-Afbeelding3,1
1302,42816-Afbeelding4,1
1303,000079,0
1304,Case-202-U4,0
1305,benign (225),0
1306,benign (370),0
1307,Case-188-U4,0
1308,000303,1
1309,benign (329),0
1310,20034,1
1311,20035,1
1312,20036,1
1313,benign (29),0
1314,benign (281),0
1315,case0484,1
1316,5238,0
1317,5239,0
1318,5240,0
1319,Case-6-U-12-1,1
1320,Case-6-U-12-2,1
1321,case0046,0
1322,case0518,0
1323,case0549,0
1324,case0003,0
1325,benign (283),0
1326,case0219,1
1327,benign (7),0
1328,5407,0
1329,5408,0
1330,5409,0
1331,5410,0
1332,5411,0
1333,5412,0
1334,benign (4),0
1335,62929-Afbeelding1,1
1336,62930-Afbeelding2,1
1337,62931-Afbeelding3,1
1338,62932-Afbeelding4,1
1339,malignant (85),1
1340,case0278,0
1341,36757-Afbeelding1,0
1342,36758-Afbeelding2,0
1343,case0094,0
1344,64618-Afbeelding1,1
1345,64620-Afbeelding3,1
1346,64621-Afbeelding4,1
1347,64622-Afbeelding5,1
1348,malignant (172),1
1349,34854-Afbeelding1,0
1350,34855-Afbeelding2,0
1351,34856-Afbeelding3,0
1352,34857-Afbeelding4,0
1353,case0326,1
1354,malignant (14),1
1355,3155,0
1356,3156,0
1357,case0195,1
1358,5499,0
1359,5500,0
1360,5501,0
1361,5502,0
1362,case0014,0
1363,benign (300),0
1364,case0126,0
1365,000108,0
1366,benign (427),0
1367,benign (39),0
1368,Case-138-U2,1
1369,48813-Afbeelding1,0
1370,48814-Afbeelding2,0
1371,48815-Afbeelding3,0
1372,48816-Afbeelding4,0
1373,48820-Afbeelding8,0
1374,benign (352),0
1375,benign (334),0
1376,5483,0
1377,5484,0
1378,5485,0
1379,000073,0
1380,benign (426),0
1381,benign (127),0
1382,Case-189-U4,0
1383,20602,1
1384,20603,1
1385,20604,1
1386,benign (83),0
1387,case0357,0
1388,case0088,0
1389,case0030,0
1390,case0494,0
1391,5853,1
1392,5854,1
1393,case0449,1
1394,case0258,1
1395,malignant (49),1
1396,benign (252),0
1397,malignant (113),1
1398,38847-Afbeelding1,1
1399,38849-Afbeelding3,1
1400,38852-Afbeelding6,1
1401,38853-Afbeelding7,1
1402,38848-Afbeelding2,1
1403,38851-Afbeelding5,1
1404,benign (297),0
1405,60283-Afbeelding1,0
1406,60284-Afbeelding2,0
1407,60285-Afbeelding3,0
1408,case0327,1
1409,000034,0
1410,Case-148-U2,1
1411,Case-11-U-22-1,1
1412,case0405,1
1413,benign (291),0
1414,Case-116-U2,1
1415,000307,1
1416,benign (404),0
1417,case0255,1
1418,benign (24),0
1419,5399,0
1420,5400,0
1421,5401,0
1422,5402,0
1423,case0148,1
1424,000085,0
1425,malignant (156),1
1426,benign (191),0
1427,case0386,1
1428,11137,1
1429,11138,1
1430,case0509,0
1431,benign (190),0
1432,malignant (90),1
1433,Case-92-U-1,0
1434,34823-Afbeelding1,1
1435,34825-Afbeelding3,1
1436,34826-Afbeelding4,1
1437,34824-Afbeelding2,1
1438,Case-81-U-97-0,0
1439,benign (284),0
1440,67213-Afbeelding1,0
1441,67214-Afbeelding2,0
1442,67217-Afbeelding5,0
1443,67218-Afbeelding6,0
1444,67219-Afbeelding7,0
1445,49669-Afbeelding1,1
1446,49670-Afbeelding2,1
1447,49674-Afbeelding6,1
1448,49675-Afbeelding7,1
1449,49676-Afbeelding8,1
1450,49671-Afbeelding3,1
1451,49672-Afbeelding4,1
1452,49673-Afbeelding5,1
1453,Case-51-U-62-0,0
1454,malignant (202),1
1455,case0193,1
1456,malignant (206),1
1457,case0387,1
1458,benign (59),0
1459,5753,1
1460,malignant (10),1
1461,benign (52),0
1462,case0183,1
1463,case0061,0
1464,benign (301),0
1465,benign (271),0
1466,case0560,1
1467,000002,0
1468,case0421,1
1469,Case-182-U4,0
1470,Case-180-U4,0
1471,benign (93),0
1472,malignant (17),1
1473,44878-Afbeelding1,1
1474,44879-Afbeelding2,1
1475,44880-Afbeelding3,1
1476,000092,0
1477,case0169,1
1478,benign (245),0
1479,benign (389),0
1480,benign (202),0
1481,58027-Afbeelding1,0
1482,58028-Afbeelding2,0
1483,58030-Afbeelding4,0
1484,58033-Afbeelding7,0
1485,58029-Afbeelding3,0
1486,benign (263),0
1487,benign (136),0
1488,benign (44),0
1489,benign (309),0
1490,case0403,0
1491,benign (416),0
1492,26557,0
1493,26558,0
1494,26561,0
1495,26562,0
1496,case0310,0
1497,case0266,1
1498,case0359,0
1499,Case-273-U1,1
1500,case0041,0
1501,51145-Afbeelding1,1
1502,51149-Afbeelding5,1
1503,51151-Afbeelding7,1
1504,51153-Afbeelding9,1
1505,51154-Afbeelding10,1
1506,51157-Afbeelding13,1
1507,51158-Afbeelding14,1
1508,51150-Afbeelding6,1
1509,Case-175-U4,0
1510,56474-Afbeelding1,0
1511,56476-Afbeelding3,0
1512,56478-Afbeelding5,0
1513,56479-Afbeelding6,0
1514,56475-Afbeelding2,0
1515,56477-Afbeelding4,0
1516,case0362,0
1517,malignant (13),1
1518,case0317,0
1519,23672,1
1520,23673,1
1521,23674,1
1522,23675,1
1523,000077,0
1524,case0244,1
1525,malignant (132),1
1526,case0424,1
1527,benign (428),0
1528,39396-Afbeelding1,1
1529,39397-Afbeelding2,1
1530,39398-Afbeelding3,1
1531,39399-Afbeelding4,1
1532,39400-Afbeelding5,1
1533,39401-Afbeelding6,1
1534,39402-Afbeelding7,1
1535,15408,1
1536,15409,1
1537,15410,1
1538,case0533,0
1539,malignant (72),1
1540,case0294,0
1541,case0102,0
1542,benign (373),0
1543,benign (418),0
1544,case0550,0
1545,56620-Afbeelding4,0
1546,56621-Afbeelding5,0
1547,56622-Afbeelding6,0
1548,56617-Afbeelding1,0
1549,5503,0
1550,5504,0
1551,5505,0
1552,5506,0
1553,case0200,1
1554,case0321,1
1555,benign (331),0
1556,benign (10),0
1557,benign (218),0
1558,47485-Afbeelding1,1
1559,47487-Afbeelding3,1
1560,47488-Afbeelding4,1
1561,malignant (139),1
1562,000147,1
1563,case0354,0
1564,000031,1
1565,case0239,1
1566,benign (233),0
1567,benign (273),0
1568,000040,0
1569,case0286,0
1570,case0466,1
1571,benign (81),0
1572,Case-206-U4,0
1573,61497-Afbeelding2,0
1574,61498-Afbeelding3,0
1575,61499-Afbeelding4,0
1576,61500-Afbeelding5,0
1577,case0438,0
1578,case0439,0
1579,case0082,0
1580,case0020,0
1581,benign (304),0
1582,Case-147-U2,1
1583,Case-62-U-73-1,0
1584,case0136,1
1585,51125-Afbeelding2,1
1586,51124-Afbeelding1,1
1587,malignant (24),1
1588,malignant (131),1
1589,case0108,0
1590,50163-Afbeelding1,1
1591,50164-Afbeelding2,1
1592,50165-Afbeelding3,1
1593,50166-Afbeelding4,1
1594,50167-Afbeelding5,1
1595,50168-Afbeelding6,1
1596,benign (435),0
1597,benign (148),0
1598,case0109,0
1599,benign (94),0
1600,case0036,0
1601,000055,1
1602,case0369,0
1603,5738,1
1604,5739,1
1605,5740,1
1606,5741,1
1607,000052,0
1608,5463,0
1609,5465,0
1610,malignant (135),1
1611,case0450,1
1612,18066,1
1613,18067,1
1614,18068,1
1615,18069,1
1616,malignant (70),1
1617,case0364,0
1618,benign (35),0
1619,Case-47-U-58-0,1
1620,59821-Afbeelding1,0
1621,59822-Afbeelding2,0
1622,case0171,1
1623,Case-254-U1,0
1624,36565-Afbeelding3,1
1625,36566-Afbeelding4,1
1626,5539,0
1627,5540,0
1628,5541,0
1629,5542,0
1630,000138,1
1631,malignant (190),1
1632,benign (314),0
1633,Case-247-U1,0
1634,case0019,0
1635,benign (412),0
1636,benign (260),0
1637,5700,1
1638,5701,1
1639,48872-Afbeelding5,1
1640,48873-Afbeelding6,1
1641,48874-Afbeelding7,1
1642,48876-Afbeelding9,1
1643,48877-Afbeelding10,1
1644,48875-Afbeelding8,1
1645,5367,0
1646,5785,1
1647,5786,1
1648,Case-20-U-31-1,1
1649,Case-109-U2,1
1650,22964,0
1651,22967,0
1652,22968,0
1653,Case-172-U4,0
1654,000003,0
1655,case0145,1
1656,benign (247),0
1657,case0401,1
1658,Case-236-U1,0
1659,Case-169-U1,0
1660,case0154,1
1661,benign (64),0
1662,benign (78),0
1663,malignant (181),1
1664,benign (395),0
1665,benign (224),0
1666,000067,0
1667,malignant (137),1
1668,case0381,1
1669,000016,0
1670,47830-Afbeelding1,1
1671,47831-Afbeelding2,1
1672,47832-Afbeelding3,1
1673,47833-Afbeelding4,1
1674,47834-Afbeelding5,1
1675,5511,0
1676,5512,0
1677,5513,0
1678,benign (13),0
1679,000025,1
1680,benign (1),0
1681,52824-Afbeelding1,1
1682,52825-Afbeelding2,1
1683,52826-Afbeelding3,1
1684,52827-Afbeelding4,1
1685,benign (235),0
1686,benign (312),0
1687,5226,0
1688,5227,0
1689,case0179,1
1690,38407-Afbeelding1,0
1691,38409-Afbeelding3,0
1692,38410-Afbeelding4,0
1693,case0248,1
1694,case0273,0
1695,malignant (15),1
1696,case0503,0
1697,45647-Afbeelding1,1
1698,45648-Afbeelding2,1
1699,malignant (171),1
1700,58491-Afbeelding1,1
1701,58492-Afbeelding2,1
1702,58493-Afbeelding3,1
1703,58495-Afbeelding5,1
1704,58496-Afbeelding6,1
1705,58499-Afbeelding9,1
1706,58501-Afbeelding11,1
1707,58497-Afbeelding7,1
1708,58498-Afbeelding8,1
1709,benign (399),0
1710,case0117,0
1711,Case-33-U-44-1,1
1712,68668-Afbeelding5,1
1713,68664-Afbeelding1,1
1714,68665-Afbeelding2,1
1715,68666-Afbeelding3,1
1716,68667-Afbeelding4,1
1717,68669-Afbeelding6,1
1718,68670-Afbeelding7,1
1719,68671-Afbeelding8,1
1720,Case-30-U-41-1,1
1721,case0417,0
1722,benign (181),0
1723,51657-Afbeelding1,0
1724,51658-Afbeelding2,0
1725,51659-Afbeelding3,0
1726,51660-Afbeelding4,0
1727,5758,1
1728,5760,1
1729,case0236,1
1730,Case-139-U2,1
1731,case0363,0
1732,benign (270),0
1733,000062,0
1734,benign (169),0
1735,17756,0
1736,17757,0
1737,Case-123-U2,1
1738,benign (55),0
1739,5514,0
1740,5515,0
1741,5516,0
1742,5517,0
1743,benign (76),0
1744,000018,1
1745,malignant (148),1
1746,Case-38-U-49-0,1
1747,case0366,0
1748,000099,0
1749,000308,1
1750,case0039,0
1751,case0540,0
1752,benign (207),0
1753,case0302,0
1754,Case-243-U1,0
1755,5788,1
1756,5789,1
1757,5790,1
1758,benign (165),0
1759,000094,0
1760,Case-259-U1,0
1761,000112,0
1762,case0319,0
1763,5258,0
1764,malignant (16),1
1765,benign (101),0
1766,case0527,0
1767,5712,1
1768,5713,1
1769,5714,1
1770,5715,1
1771,case0562,1
1772,59612-Afbeelding1,1
1773,59615-Afbeelding4,1
1774,59616-Afbeelding5,1
1775,59617-Afbeelding6,1
1776,59618-Afbeelding7,1
1777,59619-Afbeelding8,1
1778,59620-Afbeelding9,1
1779,benign (257),0
1780,case0399,1
1781,59965-Afbeelding8,1
1782,59959-Afbeelding2,1
1783,59960-Afbeelding3,1
1784,59961-Afbeelding4,1
1785,59962-Afbeelding5,1
1786,59963-Afbeelding6,1
1787,59966-Afbeelding9,1
1788,59967-Afbeelding10,1
1789,5413,0
1790,5414,0
1791,5415,0
1792,5416,0
1793,60857-Afbeelding1,0
1794,60858-Afbeelding2,0
1795,60859-Afbeelding3,0
1796,60860-Afbeelding4,0
1797,60861-Afbeelding5,0
1798,60864-Afbeelding8,0
1799,5781,1
1800,5784,1
1801,Case-145-U2,1
1802,Case-14-U-25-1,1
1803,benign (166),0
1804,benign (288),0
1805,40037-Afbeelding2,0
1806,40038-Afbeelding3,0
1807,Case-34-U-45-1,1
1808,benign (80),0
1809,Case-226-U1,1
1810,17728,1
1811,17729,1
1812,17730,1
1813,17731,1
1814,17732,1
1815,17735,1
1816,case0118,0
1817,5913,1
1818,5914,1
1819,5915,1
1820,case0071,0
1821,000110,0
1822,case0398,1
1823,case0012,0
1824,malignant (19),1
1825,case0163,1
1826,67322-Afbeelding1,0
1827,67325-Afbeelding4,0
1828,67326-Afbeelding5,0
1829,Case-153-U2,1
1830,5394,0
1831,5395,0
1832,5396,0
1833,44918-Afbeelding1,1
1834,44919-Afbeelding2,1
1835,44920-Afbeelding3,1
1836,5864,1
1837,5865,1
1838,5866,1
1839,5867,1
1840,5868,1
1841,benign (237),0
1842,000068,0
1843,case0047,0
1844,benign (108),0
1845,malignant (185),1
1846,benign (68),0
1847,26053,1
1848,26054,1
1849,26056,1
1850,26057,1
1851,26058,1
1852,26059,1
1853,26060,1
1854,malignant (74),1
1855,23664,0
1856,23665,0
1857,23666,0
1858,23667,0
1859,23668,0
1860,23669,0
1861,case0265,1
1862,malignant (96),1
1863,case0107,0
1864,malignant (26),1
1865,12406,0
1866,12407,0
1867,12408,0
1868,12409,0
1869,Case-221-U1,1
1870,case0551,0
1871,41552-Afbeelding5,0
1872,41553-Afbeelding6,0
1873,benign (25),0
1874,51134-Afbeelding1,1
1875,51135-Afbeelding2,1
1876,51140-Afbeelding7,1
1877,case0028,0
1878,000066,0
1879,000006,0
1880,case0051,0
1881,000021,0
1882,44860-Afbeelding1,0
1883,44862-Afbeelding3,0
1884,44863-Afbeelding4,0
1885,44864-Afbeelding5,0
1886,44865-Afbeelding6,0
1887,benign (360),0
1888,33339-Afbeelding2,1
1889,33340-Afbeelding3,1
1890,benign (172),0
1891,45623-Afbeelding2,1
1892,45626-Afbeelding5,1
1893,45627-Afbeelding6,1
1894,45630-Afbeelding9,1
1895,45622-Afbeelding1,1
1896,000088,0
1897,case0077,0
1898,malignant (4),1
1899,Case-65-U-76-0,0
1900,case0442,1
1901,malignant (45),1
1902,64185-Afbeelding2,1
1903,64186-Afbeelding3,1
1904,64184-Afbeelding1,1
1905,case0027,0
1906,case0199,1
1907,Case-239-U1,0
1908,malignant (25),1
1909,Case-135-U2,1
1910,case0042,0
1911,5581,0
1912,5582,0
1913,5584,0
1914,malignant (157),1
1915,malignant (56),1
1916,benign (385),0
1917,benign (102),0
1918,malignant (204),1
1919,malignant (48),1
1920,Case-214-U1,1
1921,52913-Afbeelding1,0
1922,52915-Afbeelding3,0
1923,52916-Afbeelding4,0
1924,000042,0
1925,42825-Afbeelding1,1
1926,42826-Afbeelding2,1
1927,42827-Afbeelding3,1
1928,42828-Afbeelding4,1
1929,case0306,0
1930,case0557,1
1931,Case-231-U1,1
1932,43744-Afbeelding1,1
1933,43745-Afbeelding2,1
1934,43747-Afbeelding4,1
1935,43748-Afbeelding5,1
1936,43749-Afbeelding6,1
1937,000101,0
1938,case0295,0
1939,benign (105),0
1940,case0173,1
1941,58546-Afbeelding1,0
1942,58550-Afbeelding5,0
1943,58552-Afbeelding7,0
1944,case0463,0
1945,Case-166-U2,1
1946,24480,0
1947,24481,0
1948,24482,0
1949,24483,0
1950,malignant (92),1
1951,000090,0
1952,Case-251-U1,0
1953,case0316,0
1954,Case-63-U-74-1,0
1955,benign (208),0
1956,benign (375),0
1957,44885-Afbeelding1,1
1958,44886-Afbeelding2,1
1959,44887-Afbeelding3,1
1960,44888-Afbeelding4,1
1961,44889-Afbeelding5,1
1962,case0115,0
1963,benign (154),0
1964,5451,0
1965,5452,0
1966,5247,0
1967,5248,0
1968,5249,0
1969,5250,0
1970,Case-85-U-96-0,0
1971,000125,0
1972,case0349,0
1973,000053,1
1974,000070,0
1975,case0471,1
1976,000109,0
1977,63419-Afbeelding2,1
1978,63423-Afbeelding6,1
1979,63424-Afbeelding7,1
1980,63418-Afbeelding1,1
1981,63422-Afbeelding5,1
1982,16853,0
1983,16854,0
1984,16855,0
1985,benign (144),0
1986,Case-208-U4,0
1987,000011,0
1988,33284-Afbeelding1,1
1989,33285-Afbeelding2,1
1990,Case-184-U4,0
1991,malignant (140),1
1992,Case-177-U1,1
1993,26043,1
1994,26044,1
1995,26045,1
1996,26046,1
1997,26047,1
1998,26048,1
1999,26049,1
2000,26050,1
2001,50156-Afbeelding1,0
2002,50157-Afbeelding2,0
2003,50158-Afbeelding3,0
2004,50159-Afbeelding4,0
2005,50161-Afbeelding6,0
2006,5535,0
2007,5536,0
2008,5537,0
2009,5538,0
2010,case0015,0
2011,Case-179-U4,0
2012,67609-Afbeelding1,1
2013,67610-Afbeelding2,1
2014,67611-Afbeelding3,1
2015,67612-Afbeelding4,1
2016,67613-Afbeelding5,1
2017,55529-Afbeelding1,0
2018,55530-Afbeelding2,0
2019,000103,0
2020,Case-21-U-32-1,1
2021,case0500,0
2022,Case-111-U2,1
2023,000045,1
2024,benign (63),0
2025,malignant (187),1
2026,47452-Afbeelding3,0
2027,47453-Afbeelding4,0
2028,000065,0
2029,case0099,0
2030,case0063,0
2031,case0045,0
2032,benign (175),0
2033,benign (41),0
2034,16235,0
2035,16236,0
2036,16237,0
2037,16238,0
2038,16239,0
2039,16240,0
2040,5748,1
2041,5749,1
2042,5750,1
2043,61571-Afbeelding1,1
2044,61573-Afbeelding3,1
2045,61574-Afbeelding4,1
2046,case0490,0
2047,case0253,1
2048,case0228,1
2049,5486,0
2050,5487,0
2051,57114-Afbeelding2,1
2052,57115-Afbeelding3,1
2053,57116-Afbeelding4,1
2054,57119-Afbeelding7,1
2055,57120-Afbeelding8,1
2056,000118,0
2057,Case-276-U1,1
2058,Case-29-U-40-2,1
2059,case0226,1
2060,Case-73-U-85-0,0
2061,19587,1
2062,19588,1
2063,19589,1
2064,19590,1
2065,Case-106-U2,1
2066,000013,0
2067,000032,0
2068,benign (405),0
2069,000004,0
2070,case0536,0
2071,malignant (119),1
2072,5769,1
2073,5770,1
2074,benign (113),0
2075,54070-Afbeelding2,1
2076,54071-Afbeelding3,1
2077,54072-Afbeelding4,1
2078,54073-Afbeelding5,1
2079,54074-Afbeelding6,1
2080,54069-Afbeelding1,1
2081,case0254,1
2082,Case-212-U1,0
2083,case0086,0
2084,49602-Afbeelding1,0
2085,49603-Afbeelding2,0
2086,49604-Afbeelding3,0
2087,000126,0
2088,benign (111),0
2089,case0076,0
2090,benign (211),0
2091,case0344,0
2092,benign (358),0
2093,benign (161),0
2094,case0264,1
2095,malignant (109),1
2096,malignant (53),1
2097,case0209,1
2098,case0231,1
2099,benign (267),0
2100,benign (11),0
2101,malignant (175),1
2102,benign (388),0
2103,case0418,0
2104,case0382,1
2105,benign (280),0
2106,case0192,1
2107,case0270,1
2108,benign (264),0
2109,Case-272-U1,0
2110,42212-Afbeelding3,1
2111,42210-Afbeelding1,1
2112,42211-Afbeelding2,1
2113,42213-Afbeelding4,1
2114,case0054,0
2115,case0007,0
2116,000298,1
2117,malignant (160),1
2118,54102-Afbeelding1,1
2119,54103-Afbeelding2,1
2120,54104-Afbeelding3,1
2121,54105-Afbeelding4,1
2122,54107-Afbeelding6,1
2123,54108-Afbeelding7,1
2124,54109-Afbeelding8,1
2125,54106-Afbeelding5,1
2126,000058,0
2127,case0558,1
2128,Case-8-U-16-0,1
2129,Case-8-U-16-1,1
2130,malignant (178),1
2131,Case-22-U-33-2,1
2132,benign (376),0
2133,case0512,0
2134,Case-216-U1,0
2135,case0532,0
2136,benign (121),0
2137,000142,1
2138,benign (186),0
2139,benign (342),0
2140,case0188,1
2141,case0197,1
2142,benign (163),0
2143,malignant (115),1
2144,malignant (2),1
2145,000033,0
2146,malignant (62),1
2147,case0328,1
2148,malignant (126),1
2149,benign (220),0
2150,11152,1
2151,11153,1
2152,11155,1
2153,malignant (194),1
2154,malignant (84),1
2155,19576,0
2156,19577,0
2157,19581,0
2158,benign (117),0
2159,benign (344),0
2160,43301-Afbeelding2,0
2161,43300-Afbeelding1,0
2162,43302-Afbeelding3,0
2163,47536-Afbeelding1,1
2164,47537-Afbeelding2,1
2165,47542-Afbeelding7,1
2166,47543-Afbeelding8,1
2167,47545-Afbeelding10,1
2168,47538-Afbeelding3,1
2169,47539-Afbeelding4,1
2170,11906,1
2171,11907,1
2172,11908,1
2173,11909,1
2174,11912,1
2175,11913,1
2176,11914,1
2177,11915,1
2178,benign (327),0
2179,benign (73),0
2180,Case-183-U4,0
2181,benign (222),0
2182,64211-Afbeelding13,1
2183,64212-Afbeelding14,1
2184,64199-Afbeelding1,1
2185,64200-Afbeelding2,1
2186,64201-Afbeelding3,1
2187,64203-Afbeelding5,1
2188,64204-Afbeelding6,1
2189,64205-Afbeelding7,1
2190,64206-Afbeelding8,1
2191,64207-Afbeelding9,1
2192,64208-Afbeelding10,1
2193,64213-Afbeelding15,1
2194,64214-Afbeelding16,1
2195,benign (294),0
2196,benign (315),0
2197,benign (350),0
2198,benign (363),0
2199,benign (43),0
2200,Case-112-U2,1
2201,benign (256),0
2202,benign (229),0
2203,case0428,0
2204,malignant (78),1
2205,benign (20),0
2206,000102,0
2207,case0230,1
2208,Case-49-U-60-2,1
2209,benign (155),0
2210,malignant (208),1
2211,67560-Afbeelding10,0
2212,67551-Afbeelding1,0
2213,67552-Afbeelding2,0
2214,67553-Afbeelding3,0
2215,67554-Afbeelding4,0
2216,67559-Afbeelding9,0
2217,67561-Afbeelding11,0
2218,Case-260-U1,0
2219,case0066,0
2220,19584,1
2221,19585,1
2222,benign (135),0
2223,case0166,1
2224,case0470,1
2225,Case-44-U-55-3,1
2226,000115,0
2227,case0010,0
2228,benign (322),0
2229,case0211,1
2230,000080,0
2231,benign (184),0
2232,benign (66),0
2233,benign (272),0
2234,benign (75),0
2235,Case-128-U2,1
2236,benign (410),0
2237,malignant (30),1
2238,38168-Afbeelding1,1
2239,38169-Afbeelding2,1
2240,Case-69-U-81-0,0
2241,50553-Afbeelding1,1
2242,50554-Afbeelding2,1
2243,50557-Afbeelding5,1
2244,50558-Afbeelding6,1
2245,50555-Afbeelding3,1
2246,case0464,1
2247,benign (251),0
2248,Case-193-U4,0
2249,Case-56-U-67-0,0
2250,benign (153),0
2251,malignant (43),1
2252,case0523,0
2253,benign (22),0
2254,47461-Afbeelding1,0
2255,47462-Afbeelding2,0
2256,47464-Afbeelding4,0
2257,47465-Afbeelding5,0
2258,47466-Afbeelding6,0
2259,47463-Afbeelding3,0
2260,benign (152),0
2261,000001,0
2262,case0139,1
2263,malignant (106),1
2264,60173-Afbeelding1,1
2265,60174-Afbeelding2,1
2266,60175-Afbeelding3,1
2267,60176-Afbeelding4,1
2268,60179-Afbeelding7,1
2269,case0437,1
2270,64810-Afbeelding2,1
2271,64811-Afbeelding3,1
2272,64812-Afbeelding4,1
2273,62301-Afbeelding1,0
2274,62302-Afbeelding2,0
2275,62303-Afbeelding3,0
2276,62304-Afbeelding4,0
2277,42235-Afbeelding2,1
2278,42238-Afbeelding5,1
2279,42239-Afbeelding6,1
2280,42241-Afbeelding8,1
2281,42242-Afbeelding9,1
2282,42234-Afbeelding1,1
2283,42236-Afbeelding3,1
2284,42240-Afbeelding7,1
2285,42243-Afbeelding10,1
2286,Case-152-U2,1
2287,case0185,1
2288,Case-39-U-50-1,1
2289,benign (409),0
2290,malignant (127),1
2291,benign (143),0
2292,case0246,1
2293,case0548,0
2294,case0498,0
2295,case0277,0
2296,case0351,0
2297,benign (126),0
2298,benign (130),0
2299,22733,0
2300,22734,0
2301,22736,0
2302,case0507,0
2303,benign (348),0
2304,benign (86),0
2305,malignant (60),1
2306,benign (120),0
2307,benign (419),0
2308,13654,0
2309,13655,0
2310,case0038,0
2311,Case-131-U2,1
2312,5368,0
2313,5369,0
2314,5370,0
2315,5371,0
2316,benign (305),0
2317,benign (145),0
2318,case0146,1
2319,malignant (123),1
2320,case0229,1
2321,51669-Afbeelding1,0
2322,51670-Afbeelding2,0
2323,Case-118-U2,1
2324,case0280,0
2325,000078,0
2326,000061,0
2327,benign (414),0
2328,benign (123),0
2329,benign (367),0
2330,malignant (176),1
2331,case0101,0
2332,Case-125-U2,1
2333,benign (89),0
2334,malignant (28),1
2335,case0202,1
2336,26037,1
2337,26039,1
2338,26040,1
2339,26041,1
2340,26042,1
2341,case0561,0
2342,20605,1
2343,20607,1
2344,68826-Afbeelding1,1
2345,68827-Afbeelding2,1
2346,68828-Afbeelding3,1
2347,68829-Afbeelding4,1
2348,68832-Afbeelding7,1
2349,case0308,0
2350,5232,0
2351,5234,0
2352,Case-201-U4,0
2353,case0035,0
2354,case0515,1
2355,malignant (163),1
2356,000041,1
2357,malignant (124),1
2358,case0181,1
2359,case0234,1
2360,case0297,0
2361,malignant (68),1
2362,46854-Afbeelding3,1
2363,46855-Afbeelding4,1
2364,benign (368),0
2365,malignant (57),1
2366,benign (391),0
2367,Case-57-U-68-2,0
2368,34809-Afbeelding1,0
2369,34810-Afbeelding2,0
2370,34811-Afbeelding3,0
2371,34812-Afbeelding4,0
2372,34813-Afbeelding5,0
2373,benign (164),0
2374,benign (268),0
2375,benign (269),0
2376,000038,0
2377,case0473,1
2378,Case-74-U-86-0,0
2379,malignant (143),1
2380,case0441,1
2381,benign (162),0
2382,000064,0
2383,000022,0